Order,Issue ID,Issue Link,PR,PR_Number,Version,Review?,Release Critical
1,21113,[Bug]: Second and subsequent calls to plt.polar() return an Axis object and do not plot · Issue #21113 · matplotlib/matplotlib (github.com),MNT: Remove deprecated axes kwargs collision detection (version 2) by lpsinger · Pull Request #19153 · matplotlib/matplotlib (github.com),19153,3.5,,Release Critical
2,20230,ax.twinx().spines.right not accessible from ipython session · Issue #20230 · matplotlib/matplotlib (github.com),,,3.4,,Release Critical
3,20049,"add legend.labelcolor ""argument"" to mplstyle stylesheet · Issue #20049 · matplotlib/matplotlib (github.com)",,,3.3.0,,Release Critical
4,19879,"Using ""drawstyle"" raises AttributeError in errorbar, when yerr is specified. · Issue #19879 · matplotlib/matplotlib (github.com)",Fix errorbar property cycling to match plot. by QuLogic · Pull Request #17930 · matplotlib/matplotlib (github.com),17930,,,Release Critical
5,19779,BUG: matplotlib 3.4.0 -- Scatter with colormap and legend gives TypeError: object of type 'NoneType' has no len() · Issue #19779 · matplotlib/matplotlib (github.com),Clarify color priorities in collections by efiring · Pull Request #18480 · matplotlib/matplotlib (github.com),18480,,,Release Critical
6,19776,Errorbars with yerr fail when fillstyle is specified · Issue #19776 · matplotlib/matplotlib (github.com),,,3.4,,Release Critical
7,19474,Memory leak with CallbackRegistry · Issue #19474 · matplotlib/matplotlib (github.com),Require calling a _BoundMethodProxy to get the underlying callable. by anntzer · Pull Request #9084 · matplotlib/matplotlib (github.com),9084,,yes,Release Critical
8,19432,Unexpected change in behavior in plt.subplot · Issue #19432 · matplotlib/matplotlib (github.com),MNT: Remove deprecated axes kwargs collision detection (version 2) by lpsinger · Pull Request #19153 · matplotlib/matplotlib (github.com),19153,,yes,Release Critical
9,17542,Matplotlib 3.2.1 savefig empty image when fig size matches data size exactly · Issue #17542 · matplotlib/matplotlib (github.com),Disable draw_foo methods on renderer used to estimate tight extents. by anntzer · Pull Request #16734 · matplotlib/matplotlib (github.com),16734,,,Release Critical
10,16898,EPS and `usetex` give blank output · Issue #16898 · matplotlib/matplotlib (github.com),Reuse TexManager implementation in convert_psfrags. by anntzer · Pull Request #14833 · matplotlib/matplotlib (github.com),14833,,,Release Critical
11,21110,Qt swapping ctrl and cmd on OSX · Issue #21110 · matplotlib/matplotlib (github.com),Simple GUI interface enhancements by pelson · Pull Request #851 · matplotlib/matplotlib (github.com),851,,,Release Critical
12,14042,dynamic_image.py + saving animation broken · Issue #14042 · matplotlib/matplotlib (github.com),Add an option to log progress while saving animations by SBCV · Pull Request #13564 · matplotlib/matplotlib (github.com),13564,,,Release Critical
13,12817,Multiple places where Type Errors on cbook.warn_deprecated will happen · Issue #12817 · matplotlib/matplotlib (github.com),Make arguments to @deprecated/warn_deprecated keyword-only. by anntzer · Pull Request #12440 · matplotlib/matplotlib (github.com),12440,,,Release Critical
14,12550,colorbar resizes in animation · Issue #12550 · matplotlib/matplotlib (github.com),ENH: adjustable colorbar ticks by jklymak · Pull Request #9903 · matplotlib/matplotlib (github.com),9903,,,Release Critical
15,11629,Importing qt_compat when no Qt binding is installed fails with NameError instead of ImportError · Issue #11629 · matplotlib/matplotlib (github.com),Fix shims with PyQt5 5.11 by QuLogic · Pull Request #11500 · matplotlib/matplotlib (github.com),11500,,,Release Critical
16,10003,Typo in mlab.cohere · Issue #10003 · matplotlib/matplotlib (github.com),Additional cleanups by anntzer · Pull Request #7547 · matplotlib/matplotlib (github.com),7547,,,Release Critical
17,9729,plt.pause() with notebook backend causes error · Issue #9729 · matplotlib/matplotlib (github.com),Remove start_event_loop_default. Let pause() run the event loop for all backends. by anntzer · Pull Request #8867 · matplotlib/matplotlib (github.com),8867,,,Release Critical
18,9332,Qt backend figureoptions.py does not work due to change in image.py · Issue #9332 · matplotlib/matplotlib (github.com),Fix poorly done deprecations in image.py. by anntzer · Pull Request #9335 · matplotlib/matplotlib (github.com),9335,,,Release Critical
19,9134,"segfault (""recursive repaint"") with Qt5Agg · Issue #9134 · matplotlib/matplotlib (github.com)",Don't call draw() twice when Qt canvas first appears. by anntzer · Pull Request #9103 · matplotlib/matplotlib (github.com),9103,,,Release Critical
20,7901,Allow multiple hatch colors in same figure · Issue #7901 · matplotlib/matplotlib (github.com),Make hatch colour an rcParam. by QuLogic · Pull Request #7415 · matplotlib/matplotlib (github.com),7415,,,Release Critical
21,7901,Allow multiple hatch colors in same figure · Issue #7901 · matplotlib/matplotlib (github.com),Hatching in legends is broken · Issue #7166 · matplotlib/matplotlib (github.com),7166,,,Release Critical
22,7202,Colorbar with SymmetricalLogLocator : issue when handling only negative values · Issue #7202 · matplotlib/matplotlib (github.com),Proposed change to default log scale tick formatting by zblz · Pull Request #5161 · matplotlib/matplotlib (github.com),5161,,,Release Critical
23,6685,2.0 dev legend breaks on scatterplot · Issue #6685 · matplotlib/matplotlib (github.com),"Legend default style change: smaller, no border by efiring · Pull Request #6424 · matplotlib/matplotlib (github.com)",6424,,,Release Critical
24,3304,1.4.0 RC1+7: *** glibc detected *** python: corrupted double-linked list · Issue #3304 · matplotlib/matplotlib (github.com),Fix various memory leaks discovered through valgrind by mdboom · Pull Request #3258 · matplotlib/matplotlib (github.com),3258,,,Release Critical
25,3199,"triplot, etc examples broken by merged PR #3182 · Issue #3199 · matplotlib/matplotlib (github.com)","triplot, etc examples broken by merged PR #3182 · Issue #3199 · matplotlib/matplotlib (github.com)",3182,,,Release Critical
26,3199,"triplot, etc examples broken by merged PR #3182 · Issue #3199 · matplotlib/matplotlib (github.com)",[examples/api] autopep8 + use np.radians/np.degree where appropriate by thisch · Pull Request #3181 · matplotlib/matplotlib (github.com),3181,,,Release Critical
27,19787,Marker sizes in Axes3D scatter plot are changing all the time · Issue #19787 · matplotlib/matplotlib (github.com),FIX: Add get/set methods for 3D collections by tacaswell · Pull Request #18189 · matplotlib/matplotlib (github.com),18189,,,Release Critical
28,19576,duplicate pick events firing · Issue #19576 · matplotlib/matplotlib (github.com),Fix interaction with unpickled 3d plots. by anntzer · Pull Request #16220 · matplotlib/matplotlib (github.com),16220,,,Release Critical
29,19544,Regression in 3.4.0rc1 in creating ListedColormap from a set · Issue #19544 · matplotlib/matplotlib (github.com),Speedup LinearSegmentedColormap.from_list. by anntzer · Pull Request #19287 · matplotlib/matplotlib (github.com),19287,,,Release Critical
30,18939,Warn re: Axes3D constructor behavior change in mpl3.4 · Issue #18939 · matplotlib/matplotlib (github.com),Prepare for merging SubplotBase into AxesBase. by anntzer · Pull Request #18564 · matplotlib/matplotlib (github.com),18564,,,Release Critical
31,18885,3D Scatter Plot with Colorbar is not saved correctly with savefig · Issue #18885 · matplotlib/matplotlib (github.com),Fix marker overlap by timhoffm · Pull Request #17378 · matplotlib/matplotlib (github.com),17378,,,Release Critical
32,18303,Canvas redraws during any motion when Button is present · Issue #18303 · matplotlib/matplotlib (github.com),Fix Button widget motion callback. by QuLogic · Pull Request #17133 · matplotlib/matplotlib (github.com),17133,,,Release Critical
33,18020,"Scatter3D: facecolor or color to ""none"" leads to an error · Issue #18020 · matplotlib/matplotlib (github.com)",Vectorize mplot3d.art3d.zalpha. by anntzer · Pull Request #13235 · matplotlib/matplotlib (github.com),13235,,,Release Critical
34,18020,"Scatter3D: facecolor or color to ""none"" leads to an error · Issue #18020 · matplotlib/matplotlib (github.com)",Fix linewidths and colors for scatter() with unfilled markers by timhoffm · Pull Request #17543 · matplotlib/matplotlib (github.com),17543,,,Release Critical
35,17868,plt.bar with nan input fails rendering in notebook using 3.3.0rc1 · Issue #17868 · matplotlib/matplotlib (github.com),Correctly compute path extents by brunobeltran · Pull Request #16832 · matplotlib/matplotlib (github.com),16832,,,Release Critical
36,17773,gtk3 rubberband is invisible · Issue #17773 · matplotlib/matplotlib (github.com),gtk3 rubberband is invisible · Issue #17773 · matplotlib/matplotlib (github.com),10209,,,Release Critical
37,17547,Arcs with large radii in small · Issue #17547 · matplotlib/matplotlib (github.com),Arcs with large radii in small · Issue #17547 · matplotlib/matplotlib (github.com),8047,,,Release Critical
38,17423,Scatter produce multiple colors for a single RGB/RGBA input · Issue #17423 · matplotlib/matplotlib (github.com),Scatter produce multiple colors for a single RGB/RGBA input · Issue #17423 · matplotlib/matplotlib (github.com),13959,,,Release Critical
39,17331,Surprising/changed axis limit (autoscale) behavior · Issue #17331 · matplotlib/matplotlib (github.com),Surprising/changed axis limit (autoscale) behavior · Issue #17331 · matplotlib/matplotlib (github.com),13593,,,Release Critical
40,16978,"savefig(""myplot.svgz"", bbox_inches=""tight"") fails · Issue #16978 · matplotlib/matplotlib (github.com)",Walk the artist tree when preparing for saving with tight bbox. by anntzer · Pull Request #14216 · matplotlib/matplotlib (github.com),14216,,,Release Critical
41,16934,gtk3 window immediately resizes down to zero-height upon showing up. · Issue #16934 · matplotlib/matplotlib (github.com),"Use more _setattr_cm, thus fix Text('').get_window_extent(dpi=...) by QuLogic · Pull Request #16828 · matplotlib/matplotlib (github.com)",16828,,,Release Critical
42,16926,tk window immediately resizes down to zero-height upon showing up. · Issue #16926 · matplotlib/matplotlib (github.com),"Use more _setattr_cm, thus fix Text('').get_window_extent(dpi=...) by QuLogic · Pull Request #16828 · matplotlib/matplotlib (github.com)",16828,,,Release Critical
43,16721,nbAgg backend does not allow saving figures as png · Issue #16721 · matplotlib/matplotlib (github.com),Only set the wait cursor if the last draw was >1s ago. by anntzer · Pull Request #9672 · matplotlib/matplotlib (github.com),9672,,,Release Critical
44,16463,"Jupyter ""inline"" backend seems to misinterpret ""figsize"" with Axes3D · Issue #16463 · matplotlib/matplotlib (github.com)",Only test png output for mplot3d. by anntzer · Pull Request #13901 · matplotlib/matplotlib (github.com),13901,,,Release Critical
45,16448,Bad interaction between shared axes and pcolormesh sticky edges · Issue #16448 · matplotlib/matplotlib (github.com),"Only autoscale_view() when needed, not after every plotting call. by anntzer · Pull Request #13593 · matplotlib/matplotlib (github.com)",13593,,,Release Critical
46,15806,3.2.0 may break some Cartopy tests · Issue #15806 · matplotlib/matplotlib (github.com),FIX: get_datalim for collection by jklymak · Pull Request #13642 · matplotlib/matplotlib (github.com),13642,,,Release Critical
47,15806,3.2.0 may break some Cartopy tests · Issue #15806 · matplotlib/matplotlib (github.com),Don't fallback to view limits when autoscale()ing no data. by anntzer · Pull Request #15258 · matplotlib/matplotlib (github.com),15258,,,Release Critical
48,15611,BUG: Qt5Agg window size regression · Issue #15611 · matplotlib/matplotlib (github.com),Don't bother with manually resizing the Qt main window. by anntzer · Pull Request #14703 · matplotlib/matplotlib (github.com),14703,,,Release Critical
49,14950,plt.ioff() not supressing figure generation · Issue #14950 · matplotlib/matplotlib (github.com),Tell IPython the correct GUI event loop to use for all backends. by anntzer · Pull Request #12637 · matplotlib/matplotlib (github.com),12736,,,Release Critical
50,14950,plt.ioff() not supressing figure generation · Issue #14950 · matplotlib/matplotlib (github.com),Matplotlib plt.show() not working in IPython 7.5/7.6 on macOS · Issue #11837 · ipython/ipython (github.com),11837,,,Release Critical
51,14911,Removing a shared axes via `ax.remove()` leads to an error. · Issue #14911 · matplotlib/matplotlib (github.com),Fix locator/formatter setting when removing shared Axes by dstansby · Pull Request #13983 · matplotlib/matplotlib (github.com),13983,,,Release Critical
52,14911,Removing a shared axes via `ax.remove()` leads to an error. · Issue #14911 · matplotlib/matplotlib (github.com),Remove()ing a shared axes prevents the remaining axes from using unit-provided formatters · Issue #12853 · matplotlib/matplotlib (github.com),12853,,,Release Critical
53,14675,Heatmaps are being truncated when using with seaborn · Issue #14675 · matplotlib/matplotlib (github.com),Fix inversion of 3d axis. by anntzer · Pull Request #14579 · matplotlib/matplotlib (github.com),14579,,,Release Critical
54,14577,Calling invert_yaxis() on a 3D plot has either no effect or removes ticks · Issue #14577 · matplotlib/matplotlib (github.com),Add Axis.get_inverted and Axis.set_inverted. by anntzer · Pull Request #13330 · matplotlib/matplotlib (github.com),13330,,,Release Critical
55,14301,scatter() fails on nan-containing input when providing edgecolor · Issue #14301 · matplotlib/matplotlib (github.com),https://github.com/matplotlib/matplotlib/pull/12422,12422,,,Release Critical
56,14301,scatter() fails on nan-containing input when providing edgecolor · Issue #14301 · matplotlib/matplotlib (github.com),https://github.com/matplotlib/matplotlib/issues/12801,12801,,,Release Critical
57,14265,symlog looses some points since 3.1.0 (example given) · Issue #14265 · matplotlib/matplotlib (github.com),https://github.com/matplotlib/matplotlib/pull/12422,12422,,,Release Critical
58,14054,ticks sometimes disappear when zooming interactively · Issue #14054 · matplotlib/matplotlib (github.com),FIX: do not try to manage the visibility of un-drawn ticks by tacaswell · Pull Request #14056 · matplotlib/matplotlib (github.com),13908,3.1,,Release Critical
59,13982,hist() no longer respects range=... when density=True · Issue #13982 · matplotlib/matplotlib (github.com),hist() no longer respects range=... when density=True · Issue #13982 · matplotlib/matplotlib (github.com),8638,,,Release Critical
60,13786,Cannot import matplotlib.animation · Issue #13786 · matplotlib/matplotlib (github.com),https://github.com/matplotlib/matplotlib/pull/13303,13303,,,Release Critical
61,13392,boxplot broken for empty inputs · Issue #13392 · matplotlib/matplotlib (github.com),https://github.com/matplotlib/matplotlib/pull/11921,11921,,,Release Critical
62,12488,inconsistent colorbar tick labels for LogNorm · Issue #12488 · matplotlib/matplotlib (github.com),ENH: adjustable colorbar ticks by jklymak · Pull Request #9903 · matplotlib/matplotlib (github.com),9903,,,Release Critical
63,12429,scatter() does not accept gray strings anymore · Issue #12429 · matplotlib/matplotlib (github.com),https://github.com/matplotlib/matplotlib/pull/11383,11383,,,Release Critical
64,12405,plt.stackplot() does not work with 3.0.0 · Issue #12405 · matplotlib/matplotlib (github.com),https://github.com/matplotlib/matplotlib/pull/10918,10918,,,Release Critical
65,12188,matplotlib 3 pyplot on MacOS bounces rocket icon in dock · Issue #12188 · matplotlib/matplotlib (github.com),backend switching -- don't create a public fallback API by anntzer · Pull Request #11600 · matplotlib/matplotlib (github.com),11600,,,Release Critical
66,11709,Repaint region is wrong on Retina display with Qt5 · Issue #11709 · matplotlib/matplotlib (github.com),Let QPaintEvent tell us what region to repaint. by anntzer · Pull Request #8951 · matplotlib/matplotlib (github.com),8951,,,Release Critical
67,10476,Version 2.2.0rc1 triggers TypeError · Issue #10476 · matplotlib/matplotlib (github.com),Version 2.2.0rc1 triggers TypeError · Issue #10476 · matplotlib/matplotlib (github.com),10476,,,Release Critical
68,9716,Large size of plots saved as pdf · Issue #9716 · matplotlib/matplotlib (github.com),Give a better error message on missing PostScript fonts by jkseppan · Pull Request #6428 · matplotlib/matplotlib (github.com),6428,,,Release Critical
69,9380,Cannot import pyplot. NameError: 'FigureManagerWebAgg' is not defined · Issue #9380 · matplotlib/matplotlib (github.com),"Revert ""Merge pull request #5754 from blink1073/ipython-widget"" by tacaswell · Pull Request #9027 · matplotlib/matplotlib (github.com)",9027,,,Release Critical
70,9380,Cannot import pyplot. NameError: 'FigureManagerWebAgg' is not defined · Issue #9380 · matplotlib/matplotlib (github.com),Cannot import pyplot. NameError: 'FigureManagerWebAgg' is not defined · Issue #9380 · matplotlib/matplotlib (github.com),5754,,,Release Critical
71,9380,Cannot import pyplot. NameError: 'FigureManagerWebAgg' is not defined · Issue #9380 · matplotlib/matplotlib (github.com),Restore webagg backend following the merge of widget nbagg backend by jenshnielsen · Pull Request #6370 · matplotlib/matplotlib (github.com),6370,,,Release Critical
72,9162,Using matplotlib 2.1.0rc1 seems to corrupt PySide · Issue #9162 · matplotlib/matplotlib (github.com),Unify WM_CLASS across backends by languitar · Pull Request #8394 · matplotlib/matplotlib (github.com),8394,,,Release Critical
73,8797,mathtext broken with cairo backend as of master · Issue #8797 · matplotlib/matplotlib (github.com),The font with the same weight name as the user specified weight name … by kshramt · Pull Request #7931 · matplotlib/matplotlib (github.com),7931,,,Release Critical
74,8723,imshow() pixelization in matplotlib 2.0.2 but not in 2.0.0 · Issue #8723 · matplotlib/matplotlib (github.com),[MRG+1] Fix imshow masked interpolation by tacaswell · Pull Request #8024 · matplotlib/matplotlib (github.com),8024,,,Release Critical
75,8631,Image interpolation wrong for pixel values exceeding vmax · Issue #8631 · matplotlib/matplotlib (github.com),[MRG+1] Fix imshow masked interpolation by tacaswell · Pull Request #8024 · matplotlib/matplotlib (github.com),8024,,,Release Critical
76,8117,Trying to plot only error bars (with no line connecting data points) results in empty plot · Issue #8117 · matplotlib/matplotlib (github.com),ENH: errorbar color cycle clean up by tacaswell · Pull Request #5593 · matplotlib/matplotlib (github.com),5593,,,Release Critical
77,8052,Issue with DPI corrections with Qt5 backend · Issue #8052 · matplotlib/matplotlib (github.com),Qt5: Fix event positions on HiDPI screens. by QuLogic · Pull Request #8144 · matplotlib/matplotlib (github.com),8144,,,Release Critical
78,8017,Font family is not set on log-scaled tick labels · Issue #8017 · matplotlib/matplotlib (github.com),No explicit mathdefault in log formatter by mdboom · Pull Request #5587 · matplotlib/matplotlib (github.com),5587,,,Release Critical
79,7937,Large TrueType font does not render correctly when saving in .pdf · Issue #7937 · matplotlib/matplotlib (github.com),Reduce number of font file handles opened by mdboom · Pull Request #5295 · matplotlib/matplotlib (github.com),5295,,,Release Critical
80,7478,alpha' kwarg overrides facecolor='none' when plotting circle · Issue #7478 · matplotlib/matplotlib (github.com),Use edgecolor rather than linewidth to control edge display. by efiring · Pull Request #6904 · matplotlib/matplotlib (github.com),6904,,,Release Critical
81,7224,FancyArrowPatch linestyle always solid · Issue #7224 · matplotlib/matplotlib (github.com),FIX: refactor dash scaling by tacaswell · Pull Request #6710 · matplotlib/matplotlib (github.com),6710,,,Release Critical
82,7166,Hatching in legends is broken · Issue #7166 · matplotlib/matplotlib (github.com),Use edgecolor rather than linewidth to control edge display. by efiring · Pull Request #6904 · matplotlib/matplotlib (github.com),6904,,,Release Critical
83,7146,symlog scale no longer shows labels on the negative side · Issue #7146 · matplotlib/matplotlib (github.com),Proposed change to default log scale tick formatting by zblz · Pull Request #5161 · matplotlib/matplotlib (github.com),5161,,,Release Critical
84,6794,Incorrect text clipping in presence of multiple subplots · Issue #6794 · matplotlib/matplotlib (github.com),Fix #347: Faster text rendering in Agg by mdboom · Pull Request #5361 · matplotlib/matplotlib (github.com),5361,,,Release Critical
85,6641,Edge ticks sometimes disappear · Issue #6641 · matplotlib/matplotlib (github.com),FIX: only draw tick labels if tick is in range by tacaswell · Pull Request #5956 · matplotlib/matplotlib (github.com),5956,,,Release Critical
86,5196,pyside is broken · Issue #5196 · matplotlib/matplotlib (github.com),"TST: properly fence-post qt{4,5} backend tests by tacaswell · Pull Request #5195 · matplotlib/matplotlib (github.com)",5195,,,Release Critical
87,5173,"Error in boxplot, 1.5.0.rc2 · Issue #5173 · matplotlib/matplotlib (github.com)",Addition of RC parameters by Mrngilles · Pull Request #4218 · matplotlib/matplotlib (github.com),4218,,,Release Critical
88,4525,masked arrays broken in py3k + gcc 5.1 on arch linux · Issue #4525 · matplotlib/matplotlib (github.com),masked arrays broken in py3k + gcc 5.1 on arch linux · Issue #4525 · matplotlib/matplotlib (github.com),4521,,,Release Critical
89,4525,masked arrays broken in py3k + gcc 5.1 on arch linux · Issue #4525 · matplotlib/matplotlib (github.com),Deprecate toolbarqt4agg by tacaswell · Pull Request #2680 · matplotlib/matplotlib (github.com),2680,,,Release Critical
90,4525,masked arrays broken in py3k + gcc 5.1 on arch linux · Issue #4525 · matplotlib/matplotlib (github.com),masked arrays broken in py3k + gcc 5.1 on arch linux · Issue #4525 · matplotlib/matplotlib (github.com),3752,,,Release Critical
91,4525,masked arrays broken in py3k + gcc 5.1 on arch linux · Issue #4525 · matplotlib/matplotlib (github.com),Remove usage of raw strides member in _backend_gdk.c by jkseppan · Pull Request #3665 · matplotlib/matplotlib (github.com),3665,,,Release Critical
92,4525,masked arrays broken in py3k + gcc 5.1 on arch linux · Issue #4525 · matplotlib/matplotlib (github.com),Remove PyCXX dependency for core extension modules by mdboom · Pull Request #3646 · matplotlib/matplotlib (github.com),3646,,,Release Critical
93,4029,CPU 100% usage while idling on some backends. · Issue #4092 · matplotlib/matplotlib (github.com),made idle_event() in backend_bases.py return True by ahaldane · Pull Request #3769 · matplotlib/matplotlib (github.com),3769,,,Release Critical
94,3998,Semilog plots with zero values · Issue #3998 · matplotlib/matplotlib (github.com),use _fast_from_codes_and_verts in transform code by jbmohler · Pull Request #3681 · matplotlib/matplotlib (github.com),3681,,,Release Critical
95,3304,1.4.0 RC1+7: *** glibc detected *** python: corrupted double-linked list · Issue #3304 · matplotlib/matplotlib (github.com),Fix memory leaks in the temporary rasterized images. · matplotlib/matplotlib@7b39e78 (github.com),3258,,,
96,21258,[Bug]: broken minor ticks for colorbar with SymlogNorm · Issue #21258 · matplotlib/matplotlib (github.com),Change colorbar for contour to have the proper axes limits... by jklymak · Pull Request #13506 · matplotlib/matplotlib (github.com),13506,,,
97,20520,matplotlib 3.5 breaks yt · Issue #20520 · matplotlib/matplotlib (github.com),Enh better colorbar axes by jklymak · Pull Request #20054 · matplotlib/matplotlib (github.com),20054,,,
98,20519,Toolbar zoom doesn't change autoscale status for versions 3.2.0 and above · Issue #20519 · matplotlib/matplotlib (github.com),Simplify and generalize _set_view_from_bbox. by anntzer · Pull Request #17067 · matplotlib/matplotlib (github.com),17067,,,
99,20219,Regression: undocumented change of behaviour in mpl 3.4.2 with axis ticks direction · Issue #20219 · matplotlib/matplotlib (github.com),Fix resetting grid visibility by timhoffm · Pull Request #20161 · matplotlib/matplotlib (github.com),20161,,,
100,20127,Zooming on a contour plot with clipping results in bad clipping · Issue #20127 · matplotlib/matplotlib (github.com),Zooming on a contour plot with clipping results in bad clipping · Issue #20127 · matplotlib/matplotlib (github.com),15970,,,
101,19928,matplotlib dev: What happened to figure.dpi ? · Issue #19928 · matplotlib/matplotlib (github.com),,,,,
102,19785,Starting point of annotation arrows has changed in 3.4.0 · Issue #19785 · matplotlib/matplotlib (github.com),Text cleanups. by anntzer · Pull Request #18586 · matplotlib/matplotlib (github.com),18586,,,
103,19598,Axes order changed in 3.4.0rc1 · Issue #19598 · matplotlib/matplotlib (github.com),MNT: Remove deprecated axes kwargs collision detection (version 2) by lpsinger · Pull Request #19153 · matplotlib/matplotlib (github.com),19153,,,
104,19578,bisect very hard with rcParam changes · Issue #19578 · matplotlib/matplotlib (github.com),MNT: let bad rcParam keys pass by jklymak · Pull Request #19588 · matplotlib/matplotlib (github.com),15029,,,
105,19560,segfault due to font objects when multi-threading · Issue #19560 · matplotlib/matplotlib (github.com),https://github.com/matplotlib/matplotlib/pull/15104,15104,,,
106,19129,webAgg example broken - maybe mpl.js broken? · Issue #19129 · matplotlib/matplotlib (github.com),nbagg: Store DPI ratio on figure instead of window. by QuLogic · Pull Request #18361 · matplotlib/matplotlib (github.com),18361,js,,
107,19066,"plt.scatter, error with NaN values and edge color · Issue #19066 · matplotlib/matplotlib (github.com)","plt.scatter, error with NaN values and edge color · Issue #19066 · matplotlib/matplotlib (github.com)",12422,,,
108,18837,Animation stops working after upgrade to matplotlib 3.3.2 · Issue #18837 · matplotlib/matplotlib (github.com),Make animation blit cache robust against 3d viewpoint changes. by anntzer · Pull Request #16070 · matplotlib/matplotlib (github.com),16070,,,
109,18743,from mpl 3.2.2 to 3.3.0 enormous increase in creation time · Issue #18743 · matplotlib/matplotlib (github.com),ENH: add variable epoch by jklymak · Pull Request #15008 · matplotlib/matplotlib (github.com),15008,,,
110,18385,twinx not respecting log-scale · Issue #18385 · matplotlib/matplotlib (github.com),Allow sharex/y after axes creation. by anntzer · Pull Request #15287 · matplotlib/matplotlib (github.com),15287,,,
111,18371,Plotting a pandas DataFrame with string MultiIndex · Issue #18371 · matplotlib/matplotlib (github.com),https://github.com/matplotlib/matplotlib/pull/17289,17289,,,
112,18282,Bad interaction between kerning and non-latin1 characters in pdf output · Issue #18282 · matplotlib/matplotlib (github.com),https://github.com/matplotlib/matplotlib/pull/14940,14940,,,
113,18254,"scatter(..., marker='') raises on drawing with mpl3.3.1 · Issue #18254 · matplotlib/matplotlib (github.com)",Avoid using Bbox machinery in Path.get_extents; special case polylines. by anntzer · Pull Request #17995 · matplotlib/matplotlib (github.com),17995,,,
114,18234,"_reshape_2D function behavior changed, breaks hist for some cases in 3.3.0 · Issue #18234 · matplotlib/matplotlib (github.com)",FIX: Keep lists of lists of one scalar each 2D in _reshape_2D by alexhenrie · Pull Request #17821 · matplotlib/matplotlib (github.com),17821,,,
115,17820,Regression: _reshape_2D no longer preserves the shape of lists of lists of one scalar each · Issue #17820 · matplotlib/matplotlib (github.com),Prepare for ragged array warnings in NumPy 1.19 by QuLogic · Pull Request #17289 · matplotlib/matplotlib (github.com),17289,,,
116,18061,3.3.0 regression in png backend with colorbar() · Issue #18061 · matplotlib/matplotlib (github.com),Convert adjust_bbox to use ExitStack. by QuLogic · Pull Request #17607 · matplotlib/matplotlib (github.com),17607,,,
117,18037,Scatter3D: depthshade=False causes IndexError for Tkinter when plotting more than one point. · Issue #18037 · matplotlib/matplotlib (github.com),Fix marker overlap by timhoffm · Pull Request #17378 · matplotlib/matplotlib (github.com),17378,,,
118,18033,v. 3.3.0: horizontal colorbar broken · Issue #18033 · matplotlib/matplotlib (github.com),Fix mplot3d projection by eric-wieser · Pull Request #16472 · matplotlib/matplotlib (github.com),16742,,,
119,17974,"Major speed regression introduced in ""plt.bar"" definition clipping between 3.0.3 and 3.3.0. · Issue #17974 · matplotlib/matplotlib (github.com)",Correctly compute path extents by brunobeltran · Pull Request #16832 · matplotlib/matplotlib (github.com),16832,,,
120,17867,datetime plotting broken on master · Issue #17867 · matplotlib/matplotlib (github.com),ENH: add rcParam for ConciseDate and interval_multiples by jklymak · Pull Request #17022 · matplotlib/matplotlib (github.com),17022,,,
121,17820,Regression: _reshape_2D no longer preserves the shape of lists of lists of one scalar each · Issue #17820 · matplotlib/matplotlib (github.com),Prepare for ragged array warnings in NumPy 1.19 by QuLogic · Pull Request #17289 · matplotlib/matplotlib (github.com),17289,,,
122,17765,PGF xelatex can't find fonts in special-character paths · Issue #17765 · matplotlib/matplotlib (github.com),Add a backend kwarg to savefig. by anntzer · Pull Request #15536 · matplotlib/matplotlib (github.com),15536,,,
123,17633,Stackplot fails for small numbers · Issue #17633 · matplotlib/matplotlib (github.com),Stackplot fails for small numbers · Issue #17633 · matplotlib/matplotlib (github.com),13980,,,
124,17502,dict unpacking broken for `.plot` in 3.2 · Issue #17502 · matplotlib/matplotlib (github.com),dict unpacking broken for `.plot` in 3.2 · Issue #17502 · matplotlib/matplotlib (github.com),17502,,,
125,17253,EPS + usetex is broken · Issue #17253 · matplotlib/matplotlib (github.com),https://github.com/matplotlib/matplotlib/pull/14833,14833,,,
126,17203,Subplots using bad axis limits in 3.2 · Issue #17203 · matplotlib/matplotlib (github.com),https://github.com/matplotlib/matplotlib/pull/13642,13462,,,
127,17033,Using a `TextBox` in current master produces a seemingly unrelated warning. · Issue #17033 · matplotlib/matplotlib (github.com),https://github.com/matplotlib/matplotlib/pull/16529,16529,,,
128,16910,Axes.imshow draws invalid color at value is 0 when max of 'X' not equal to vmax · Issue #16910 · matplotlib/matplotlib (github.com),FIX: Image scaling for large dynamic range ints by jklymak · Pull Request #10133 · matplotlib/matplotlib (github.com),10133,tangentially related - complicated,,
129,16910,Axes.imshow draws invalid color at value is 0 when max of 'X' not equal to vmax · Issue #16910 · matplotlib/matplotlib (github.com),Fix image interpolation by tacaswell · Pull Request #8966 · matplotlib/matplotlib (github.com),8966,tangentially related - complicated,,
130,16538,xpdf distiller seems broken · Issue #16538 · matplotlib/matplotlib (github.com),https://github.com/matplotlib/matplotlib/pull/10295,10295,,,
131,16538,xpdf distiller seems broken · Issue #16538 · matplotlib/matplotlib (github.com),https://github.com/matplotlib/matplotlib/pull/10294,10294,,,
132,16405,twinx plot with datetime in xaxis fails in 3.1.3 · Issue #16405 · matplotlib/matplotlib (github.com),https://github.com/matplotlib/matplotlib/pull/16382,16392,,,
133,16294,BUG: Interactive mode slow · Issue #16294 · matplotlib/matplotlib (github.com),https://github.com/matplotlib/matplotlib/pull/16028,16028,interaction of 2 prs,,
134,16294,BUG: Interactive mode slow · Issue #16294 · matplotlib/matplotlib (github.com),https://github.com/matplotlib/matplotlib/pull/10210,10210,interaction of 2 prs,,
135,16280,SymLogNorm colorbar incorrect on master · Issue #16280 · matplotlib/matplotlib (github.com),Change colorbar for contour to have the proper axes limits... by jklymak · Pull Request #13506 · matplotlib/matplotlib (github.com),13506,,,
136,15842,Path.intersects_path returns True when it shouldn't · Issue #15842 · matplotlib/matplotlib (github.com),Backport PR #11553 on branch v3.1.x (Improved Code for Segments Intersect) by meeseeksmachine · Pull Request #13571 · matplotlib/matplotlib (github.com),11553,,,
137,15481,Recursion error · Issue #15481 · matplotlib/matplotlib (github.com),"qt{4,5}cairo backend: the minimal version. by anntzer · Pull Request #10210 · matplotlib/matplotlib (github.com)",10210,,,
138,15103,Colorbar for imshow messes interactive cursor with masked data · Issue #15103 · matplotlib/matplotlib (github.com),https://github.com/matplotlib/matplotlib/pull/12459,12459,,,
139,14339,Transparency always on for PNG in version 3.1.0 · Issue #14339 · matplotlib/matplotlib (github.com),Deprecate frameon kwarg and rcParam to savefig. by anntzer · Pull Request #11692 · matplotlib/matplotlib (github.com),11692,,,
140,14339,Transparency always on for PNG in version 3.1.0 · Issue #14339 · matplotlib/matplotlib (github.com),Backport PR #11692 on branch v3.1.x (Deprecate frameon kwarg and rcParam to savefig.) by meeseeksmachine · Pull Request #13655 · matplotlib/matplotlib (github.com),13655,,,
141,14180,ImageComparisonFailure: Image sizes do not match expected size · Issue #14180 · matplotlib/matplotlib (github.com),https://github.com/matplotlib/matplotlib/pull/14134,14134,,,
142,14146,Saving polar plots with MiKTeX on Windows fails for some file formats · Issue #14146 · matplotlib/matplotlib (github.com),Deprecate text.latex.unicode. by anntzer · Pull Request #11381 · matplotlib/matplotlib (github.com),11381,,,
143,13112,LogNorm colorbar prints double tick labels after set_ticks() · Issue #13112 · matplotlib/matplotlib (github.com),https://github.com/matplotlib/matplotlib/pull/12865,12865,,,
144,12971,Pandas Series not supported as data kwarg · Issue #12971 · matplotlib/matplotlib (github.com),https://github.com/matplotlib/matplotlib/pull/10872,10872,,,
145,12820,[Annotations] ValueError: lines do not intersect when computing tight bounding box containing arrow with filled paths · Issue #12820 · matplotlib/matplotlib (github.com),update annotations by fredrik-1 · Pull Request #11801 · matplotlib/matplotlib (github.com),11801,,,
146,12820,[Annotations] ValueError: lines do not intersect when computing tight bounding box containing arrow with filled paths · Issue #12820 · matplotlib/matplotlib (github.com),Gridspec tutorial · Issue #11800 · matplotlib/matplotlib (github.com),11800,,,
147,12675,Off-by-one bug in annual axis labels when localized time crosses year boundary · Issue #12675 · matplotlib/matplotlib (github.com),Off-by-one bug in annual axis labels when localized time crosses year boundary · Issue #12675 · matplotlib/matplotlib (github.com),9801,,,
148,12664,plt.scatter crashes because overwrites the colors to an empty list · Issue #12664 · matplotlib/matplotlib (github.com),https://github.com/matplotlib/matplotlib/pull/11383,11383,,,
149,12620,Overlapping 3D objects · Issue #12620 · matplotlib/matplotlib (github.com),https://github.com/matplotlib/matplotlib/pull/9094,9094,,,
150,12613,transiently linked interactivity of unshared pair of axes generated with make_axes_locatable · Issue #12613 · matplotlib/matplotlib (github.com),https://github.com/matplotlib/matplotlib/pull/9082,9082,,,
151,12542,The plot function of the matplotlib 2 and 3 versions is much slower than 1.5.3 · Issue #12542 · matplotlib/matplotlib (github.com),Use data limits plus a little padding by default by mdboom · Pull Request #5583 · matplotlib/matplotlib (github.com),5583,,,
152,12355,Error for bbox_inches='tight' in savefig with make_axes_locatable · Issue #12355 · matplotlib/matplotlib (github.com),https://github.com/matplotlib/matplotlib/pull/9855,9855,,,
153,11899,Histogram of list of datetimes · Issue #11899 · matplotlib/matplotlib (github.com),https://github.com/matplotlib/matplotlib/pull/9654,9654,,,
154,11104,pyplot.plot conflict: markerfacecolor ='none' and alpha · Issue #11104 · matplotlib/matplotlib (github.com),https://github.com/matplotlib/matplotlib/pull/9911,9911,,,
155,11031,wrong x-position of marker with drawstyle='steps-xxx' · Issue #11031 · matplotlib/matplotlib (github.com),Line2D._path obeys drawstyle. by anntzer · Pull Request #6497 · matplotlib/matplotlib (github.com),6497,,,
156,11031,wrong x-position of marker with drawstyle='steps-xxx' · Issue #11031 · matplotlib/matplotlib (github.com),Line2D.contains does not take drawstyle into account. · Issue #6447 · matplotlib/matplotlib (github.com),6447,,,
157,10911,Get ticklabels back on shared axis · Issue #10911 · matplotlib/matplotlib (github.com),https://github.com/matplotlib/matplotlib/pull/8678,8678,,,
158,10874,RuntimeError: Cannot get window extent w/o renderer · Issue #10874 · matplotlib/matplotlib (github.com),https://github.com/matplotlib/matplotlib/pull/9452,9452,,,
159,10842,Text bbox empty dict should be ignored · Issue #10842 · matplotlib/matplotlib (github.com),https://github.com/matplotlib/matplotlib/pull/8956,8956,,,
160,10654,PySmithPlot/Polar Plot update broken in 2.1.2 (works in 2.0.2) · Issue #10654 · matplotlib/matplotlib (github.com),Correct theta values when drawing a non-circular arc by dstansby · Pull Request #8047 · matplotlib/matplotlib (github.com),8047,,,
161,10654,PySmithPlot/Polar Plot update broken in 2.1.2 (works in 2.0.2) · Issue #10654 · matplotlib/matplotlib (github.com),Alternate implementation of lazy ticks. by anntzer · Pull Request #10302 · matplotlib/matplotlib (github.com),10302,,,
162,10567,imshow in 2.1: color resolution depends on outliers? · Issue #10567 · matplotlib/matplotlib (github.com),Fix image interpolation by tacaswell · Pull Request #8966 · matplotlib/matplotlib (github.com),8966,,,
163,10458,Draggable legend changes position when saving figure with DPI value different from display · Issue #10458 · matplotlib/matplotlib (github.com),Don't check `iterable()` before `len()`. by anntzer · Pull Request #7767 · matplotlib/matplotlib (github.com),7767,,,
164,10344,matplotlib can not handle pandas dataframe correctly when the label of the columns/index is strings but the actual data are float. · Issue #10344 · matplotlib/matplotlib (github.com),Str Categorical Axis Support by story645 · Pull Request #6689 · matplotlib/matplotlib (github.com),6689,,,
165,10262,OrderedDict legends no longer work 2.1 · Issue #10262 · matplotlib/matplotlib (github.com),Backport PR #9324 on branch v2.1.x by meeseeksdev[bot] · Pull Request #9644 · matplotlib/matplotlib (github.com),9644,,,
166,10162,Increase of Computation time from 2.1.0 to 2.1.1 · Issue #10162 · matplotlib/matplotlib (github.com),Doc draw event details by tacaswell · Pull Request #9505 · matplotlib/matplotlib (github.com),9505,,,
167,10053,Duplicate legend labels with different colors can often result in an error. · Issue #10053 · matplotlib/matplotlib (github.com),Backport PR #9324 on branch v2.1.x by meeseeksdev[bot] · Pull Request #9644 · matplotlib/matplotlib (github.com),9644,,,
168,9742,clabel raises KeyError with level on boundary since matplotlib 2.1.0 · Issue #9742 · matplotlib/matplotlib (github.com),"BUG: handle empty levels array in contour, closes #7486 by efiring · Pull Request #8719 · matplotlib/matplotlib (github.com)",,,,
169,9664,Change in behavior of axis.tick_left() with shared axes from 2.0 to 2.1 · Issue #9664 · matplotlib/matplotlib (github.com),https://github.com/matplotlib/matplotlib/pull/8678,8678,,,
170,9351,mpl 2.1 barcharts edgecolor and linewidth only apply to first bar · Issue #9351 · matplotlib/matplotlib (github.com),Cleanup: broadcasting by anntzer · Pull Request #7562 · matplotlib/matplotlib (github.com),7562,,,
171,9134,"segfault (""recursive repaint"") with Qt5Agg · Issue #9134 · matplotlib/matplotlib (github.com)",https://github.com/matplotlib/matplotlib/pull/9103,9103,,,
172,8814,3D plot camera-rotation does not update with mouse movement when using the MacOS backend · Issue #8814 · matplotlib/matplotlib (github.com),Use `figure.stale` instead of internal member in macosx by mdboom · Pull Request #6283 · matplotlib/matplotlib (github.com),6283,,,
173,8682,Problem about plot_trisurf of matplotlib 2.0.2 · Issue #8682 · matplotlib/matplotlib (github.com),https://github.com/matplotlib/matplotlib/pull/2504,2504,,,
174,8630,Linewidth(s) keywords not working with quiver · Issue #8630 · matplotlib/matplotlib (github.com),https://github.com/matplotlib/matplotlib/pull/6904,6904,,,
175,7899,Behaviour of c=None is inconsistent in 2.0 · Issue #7899 · matplotlib/matplotlib (github.com),ENH: errorbar color cycle clean up by tacaswell · Pull Request #5593 · matplotlib/matplotlib (github.com),5593,,,
176,7578,Validate steps input to `MaxNLocator` · Issue #7578 · matplotlib/matplotlib (github.com),"Rework MaxNLocator, eliminating infinite loop; closes #6849 by efiring · Pull Request #6919 · matplotlib/matplotlib (github.com)",6919,,,
177,6989,bar3d no longer allows default colors · Issue #6989 · matplotlib/matplotlib (github.com),Merge 2.x to master by jenshnielsen · Pull Request #6356 · matplotlib/matplotlib (github.com),6356,,,
178,6816,Segmentation fault on Qt5Agg when using the wrong linestyle · Issue #6816 · matplotlib/matplotlib (github.com),FIX: refactor dash scaling by tacaswell · Pull Request #6710 · matplotlib/matplotlib (github.com),6710,,,
179,6782,2.x: Contour level count is not respected · Issue #6782 · matplotlib/matplotlib (github.com),FIX: try to ensure 2 ticks with AutoLocator. by efiring · Pull Request #6584 · matplotlib/matplotlib (github.com),6584,,,
180,6671,Issue plotting big endian images · Issue #6671 · matplotlib/matplotlib (github.com),Fix #6069. Handle image masks correctly by mdboom · Pull Request #6099 · matplotlib/matplotlib (github.com),6099,,,
